Participant,Sex,Posture,Trial,Testing?,Seconds,WPM,AdjWPM,CPS,KSPS,MSD,KSPC,UncErrRate,CorErrRate,TotErrRate,Effic,Consc,UtilBand,WasteBand,|C|,|INF|,|IF|,|F|,|P|,|T|,|IS|
1,M,sit,6,1,4.9546066,94.45754987,94.45754987,7.871462489,8.275127232,0,1.05,0,0.024390244,0.024390244,1,1,0.952380952,0.047619048,40,0,1,1,40,40,42
1,M,sit,7,1,3.2190578,111.8339658,111.8339658,9.319497152,9.319497152,0,1,0,0,0,1,1,1,0,31,0,0,0,31,31,31
1,M,sit,8,1,6.1303156,45.02215188,45.02215188,3.75184599,8.64555815,0,2.25,0,0.384615385,0.384615385,1,1,0.444444444,0.555555556,24,0,15,15,24,24,54
1,M,sit,9,1,4.4078726,89.83925715,89.83925715,7.486604763,7.486604763,0,1,0,0,0,1,1,1,0,34,0,0,0,34,34,34
1,M,sit,10,1,2.987522,104.4343774,104.4343774,8.702864782,8.702864782,0,1,0,0,0,1,1,1,0,27,0,0,0,27,27,27
1,M,sit,11,1,2.9020792,111.644093,111.644093,9.303674414,9.303674414,0,1,0,0,0,1,1,1,0,28,0,0,0,28,28,28
1,M,sit,12,1,3.1650621,117.5332389,117.5332389,9.794436577,10.42633571,0,1.0625,0,0.03030303,0.03030303,1,1,0.941176471,0.058823529,32,0,1,1,32,32,34
1,M,sit,13,1,4.2517653,73.38128471,73.38128471,6.115107059,6.58549991,0,1.074074074,0,0.035714286,0.035714286,1,1,0.931034483,0.068965517,27,0,1,1,27,27,29
1,M,sit,14,1,2.8532092,134.5852943,134.5852943,11.2154412,11.2154412,0,1,0,0,0,1,1,1,0,33,0,0,0,33,33,33
1,M,sit,15,1,3.1807405,120.7266044,120.7266044,10.06055037,10.06055037,0,1,0,0,0,1,1,1,0,33,0,0,0,33,33,33
1,M,sit,16,1,2.13214,129.4474096,124.2695133,10.78728414,10.78728414,1,1,0.04,0,0.04,1,0,0.96,0.04,24,1,0,0,25,24,24
1,M,sit,17,1,5.5954849,79.34969139,79.34969139,6.612474283,6.969905325,0,1.052631579,0,0.025641026,0.025641026,1,1,0.95,0.05,38,0,1,1,38,38,40
1,M,sit,18,1,3.8687973,83.74695671,83.74695671,6.978913059,8.012826105,0,1.142857143,0,0.066666667,0.066666667,1,1,0.875,0.125,28,0,2,2,28,28,32
1,M,sit,19,1,2.9959317,108.1466577,108.1466577,9.012221474,9.012221474,0,1,0,0,0,1,1,1,0,28,0,0,0,28,28,28
1,M,sit,20,1,5.5344529,88.89767587,88.89767587,7.408139656,7.769512322,0,1.047619048,0,0.023255814,0.023255814,1,1,0.954545455,0.045454545,42,0,1,1,42,42,44
1,M,sit,21,1,4.6231831,85.65527072,85.65527072,7.137939226,7.570541604,0,1.058823529,0,0.028571429,0.028571429,1,1,0.944444444,0.055555556,34,0,1,1,34,34,36
1,M,sit,22,1,2.3411723,123.0152945,123.0152945,10.25127454,10.25127454,0,1,0,0,0,1,1,1,0,25,0,0,0,25,25,25
1,M,sit,23,1,3.3706417,113.9248945,113.9248945,9.493741207,9.493741207,0,1,0,0,0,1,1,1,0,33,0,0,0,33,33,33
1,M,sit,24,1,2.4945171,101.0215564,101.0215564,8.418463036,9.220221421,0,1.090909091,0,0.043478261,0.043478261,1,1,0.916666667,0.083333333,22,0,1,1,22,22,24
1,M,sit,25,1,3.3804839,70.995753,70.995753,5.91631275,7.691206575,0,1.285714286,0,0.125,0.125,1,1,0.777777778,0.222222222,21,0,3,3,21,21,27
1,M,sit,26,1,2.6775467,116.5245783,116.5245783,9.710381522,9.710381522,0,1,0,0,0,1,1,1,0,27,0,0,0,27,27,27
1,M,sit,27,1,2.1337039,123.728508,123.728508,10.310709,10.310709,0,1,0,0,0,1,1,1,0,23,0,0,0,23,23,23
1,M,sit,28,1,2.4167302,134.065441,124.4893381,11.17212008,11.17212008,2,1,0.071428571,0,0.071428571,1,0,0.928571429,0.071428571,26,2,0,0,28,28,28
1,M,sit,29,1,4.0964467,90.81040893,90.81040893,7.567534078,9.032218093,0,1.1875,0,0.085714286,0.085714286,1,1,0.842105263,0.157894737,32,0,3,3,32,32,38
1,M,sit,30,1,3.0031233,91.90431841,91.90431841,7.658693201,8.990639845,0,1.166666667,0,0.076923077,0.076923077,1,1,0.857142857,0.142857143,24,0,2,2,24,24,28
1,M,stand,6,1,3.0569014,125.6173981,125.6173981,10.46811651,10.46811651,0,1,0,0,0,1,1,1,0,33,0,0,0,33,33,33
1,M,stand,7,1,2.3599149,81.35886595,81.35886595,6.779905496,6.779905496,0,1,0,0,0,1,1,1,0,17,0,0,0,17,17,17
1,M,stand,8,1,1.9422893,111.2089739,111.2089739,9.267414489,9.267414489,0,1,0,0,0,1,1,1,0,19,0,0,0,19,19,19
1,M,stand,9,1,3.0673907,101.7151157,101.7151157,8.476259643,8.476259643,0,1,0,0,0,1,1,1,0,27,0,0,0,27,27,27
1,M,stand,10,1,2.0160369,130.9499841,130.9499841,10.91249867,10.91249867,0,1,0,0,0,1,1,1,0,23,0,0,0,23,23,23
1,M,stand,11,1,2.6627872,108.1573473,108.1573473,9.013112276,9.013112276,0,1,0,0,0,1,1,1,0,25,0,0,0,25,25,25
1,M,stand,12,1,3.3065237,79.84216172,79.84216172,6.653513477,6.653513477,0,1,0,0,0,1,1,1,0,23,0,0,0,23,23,23
1,M,stand,13,1,1.8341549,130.8504533,130.8504533,10.90420444,10.90420444,0,1,0,0,0,1,1,1,0,21,0,0,0,21,21,21
1,M,stand,14,1,3.6180202,76.28481455,76.28481455,6.357067879,8.015433413,0,1.25,0,0.111111111,0.111111111,1,1,0.8,0.2,24,0,3,3,24,24,30
1,M,stand,15,1,2.599648,124.6322579,124.6322579,10.38602149,10.38602149,0,1,0,0,0,1,1,1,0,28,0,0,0,28,28,28
1,M,stand,16,1,2.3790254,131.1461408,131.1461408,10.92884506,10.92884506,0,1,0,0,0,1,1,1,0,27,0,0,0,27,27,27
1,M,stand,17,1,3.7241576,112.7771821,109.6444826,9.398098512,9.398098512,1,1,0.027777778,0,0.027777778,1,0,0.972222222,0.027777778,35,1,0,0,35,36,36
1,M,stand,18,1,2.9721736,113.0485783,113.0485783,9.42071486,10.09362306,0,1.068965517,0,0.033333333,0.033333333,1,1,0.935483871,0.064516129,29,0,1,1,29,29,31
1,M,stand,19,1,2.8537687,113.5340786,113.5340786,9.46117322,9.46117322,0,1,0,0,0,1,1,1,0,28,0,0,0,28,28,28
1,M,stand,20,1,4.8479052,71.78358191,71.78358191,5.981965159,6.807063801,0,1.133333333,0,0.0625,0.0625,1,1,0.882352941,0.117647059,30,0,2,2,30,30,34
1,M,stand,21,1,4.3036027,94.80429037,94.80429037,7.900357531,8.365084444,0,1.057142857,0,0.027777778,0.027777778,1,1,0.945945946,0.054054054,35,0,1,1,35,35,37
1,M,stand,22,1,2.5799123,88.37509709,88.37509709,7.364591424,7.364591424,0,1,0,0,0,1,1,1,0,20,0,0,0,20,20,20
1,M,stand,23,1,2.6916814,111.4544983,111.4544983,9.287874858,9.287874858,0,1,0,0,0,1,1,1,0,26,0,0,0,26,26,26
1,M,stand,24,1,3.9230714,91.76483507,91.76483507,7.647069589,8.156874229,0,1.064516129,0,0.03125,0.03125,1,1,0.939393939,0.060606061,31,0,1,1,31,31,33
1,M,stand,25,1,2.4419806,113.0230109,113.0230109,9.418584243,9.418584243,0,1,0,0,0,1,1,1,0,24,0,0,0,24,24,24
1,M,stand,26,1,3.363768,103.4554107,103.4554107,8.621284226,8.621284226,0,1,0,0,0,1,1,1,0,30,0,0,0,30,30,30
1,M,stand,27,1,3.2094437,104.6910404,104.6910404,8.724253365,8.724253365,0,1,0,0,0,1,1,1,0,29,0,0,0,29,29,29
1,M,stand,28,1,4.5489715,52.75917864,52.75917864,4.39659822,6.155237508,0,1.380952381,0,0.16,0.16,1,1,0.724137931,0.275862069,21,0,4,4,21,21,29
1,M,stand,29,1,4.0131816,110.6354121,110.6354121,9.219617672,9.219617672,0,1,0,0,0,1,1,1,0,38,0,0,0,38,38,38
1,M,stand,30,1,3.0981103,116.1998654,116.1998654,9.683322121,9.683322121,0,1,0,0,0,1,1,1,0,31,0,0,0,31,31,31
2,M,sit,6,1,4.2912885,81.09452441,78.63711458,6.757877034,8.156058489,1,1.2,0.03030303,0.090909091,0.121212121,1,0.75,0.805555556,0.194444444,29,1,3,3,30,30,36
2,M,sit,7,1,4.9808854,81.91314741,81.91314741,6.826095617,7.62916569,0,1.114285714,0,0.054054054,0.054054054,1,1,0.897435897,0.102564103,35,0,2,2,35,35,39
2,M,sit,8,1,2.5083981,114.8143112,114.8143112,9.567859264,9.567859264,0,1,0,0,0,1,1,1,0,25,0,0,0,25,25,25
2,M,sit,9,1,3.2260768,111.5906478,111.5906478,9.299220651,9.919168694,0,1.064516129,0,0.03125,0.03125,1,1,0.939393939,0.060606061,31,0,1,1,31,31,33
2,M,sit,10,1,3.0513862,90.45069418,90.45069418,7.537557848,9.503877287,0,1.25,0,0.111111111,0.111111111,1,1,0.8,0.2,24,0,3,3,24,24,30
2,M,sit,11,1,2.309156,109.130782,109.130782,9.094231832,9.094231832,0,1,0,0,0,1,1,1,0,22,0,0,0,22,22,22
2,M,sit,12,1,3.8236158,78.45976575,72.85549677,6.538313813,7.584444023,2,1.153846154,0.071428571,0.071428571,0.142857143,1,0.5,0.8,0.2,24,2,2,2,26,26,30
2,M,sit,13,1,3.4730115,93.29079388,93.29079388,7.774232824,8.92597102,0,1.142857143,0,0.066666667,0.066666667,1,1,0.875,0.125,28,0,2,2,28,28,32
2,M,sit,14,1,7.3529425,48.95999119,47.76584506,4.079999266,6.799998776,1,1.64516129,0.024390244,0.243902439,0.268292683,1,0.909090909,0.588235294,0.411764706,30,1,10,10,31,31,51
2,M,sit,15,1,3.2408691,103.6758936,100.2200305,8.6396578,9.256776215,1,1.068965517,0.033333333,0.033333333,0.066666667,1,0.5,0.903225806,0.096774194,28,1,1,1,29,29,31
2,M,sit,16,1,1.7447037,165.0710089,165.0710089,13.75591741,13.75591741,0,1,0,0,0,1,1,1,0,25,0,0,0,25,25,25
2,M,sit,17,1,2.808261,132.4663199,132.4663199,11.03885999,11.03885999,0,1,0,0,0,1,1,1,0,32,0,0,0,32,32,32
2,M,sit,18,1,3.1303665,92.00200679,82.48455782,7.666833899,8.305736724,3,1.08,0.103448276,0.034482759,0.137931034,1,0.25,0.833333333,0.166666667,25,3,1,1,28,25,27
2,M,sit,19,1,3.6024466,89.93887654,89.93887654,7.494906378,8.605262879,0,1.142857143,0,0.066666667,0.066666667,1,1,0.875,0.125,28,0,2,2,28,28,32
2,M,sit,20,1,2.6166894,132.9924751,132.9924751,11.08270626,11.84703083,0,1.066666667,0,0.032258065,0.032258065,1,1,0.9375,0.0625,30,0,1,1,30,30,32
2,M,sit,21,1,3.2264669,152.4887796,152.4887796,12.7073983,12.7073983,0,1,0,0,0,1,1,1,0,42,0,0,0,42,42,42
2,M,sit,22,1,3.6354178,92.42403995,92.42403995,7.70200333,8.252146425,0,1.068965517,0,0.033333333,0.033333333,1,1,0.935483871,0.064516129,29,0,1,1,29,29,31
2,M,sit,23,1,2.2244539,145.6537265,145.6537265,12.13781054,12.13781054,0,1,0,0,0,1,1,1,0,28,0,0,0,28,28,28
2,M,sit,24,1,4.3773073,98.6908093,98.6908093,8.224234108,9.138037898,0,1.108108108,0,0.051282051,0.051282051,1,1,0.902439024,0.097560976,37,0,2,2,37,37,41
2,M,sit,25,1,2.624595,128.0197516,128.0197516,10.66831263,10.66831263,0,1,0,0,0,1,1,1,0,29,0,0,0,29,29,29
2,M,sit,26,1,2.0470869,128.9637484,128.9637484,10.74697904,10.74697904,0,1,0,0,0,1,1,1,0,23,0,0,0,23,23,23
2,M,sit,27,1,1.3294201,144.4238732,144.4238732,12.03532277,12.03532277,0,1,0,0,0,1,1,1,0,17,0,0,0,17,17,17
2,M,sit,28,1,1.6933272,162.9927164,162.9927164,13.58272636,13.58272636,0,1,0,0,0,1,1,1,0,24,0,0,0,24,24,24
2,M,sit,29,1,2.4933162,163.6374881,163.6374881,13.63645734,13.63645734,0,1,0,0,0,1,1,1,0,35,0,0,0,35,35,35
2,M,sit,30,1,6.3394054,54.89473824,54.89473824,4.57456152,6.782970529,0,1.466666667,0,0.189189189,0.189189189,1,1,0.681818182,0.318181818,30,0,7,7,30,30,44
2,M,stand,6,1,2.321485,155.0731536,155.0731536,12.9227628,12.9227628,0,1,0,0,0,1,1,1,0,31,0,0,0,31,31,31
2,M,stand,7,1,3.649121,101.9423582,98.94405352,8.495196514,9.591350903,1,1.125,0.029411765,0.058823529,0.088235294,1,0.666666667,0.861111111,0.138888889,31,1,2,2,31,32,36
2,M,stand,8,1,2.3064717,109.2577897,109.2577897,9.10481581,10.83906644,0,1.181818182,0,0.083333333,0.083333333,1,1,0.846153846,0.153846154,22,0,2,2,22,22,26
2,M,stand,9,1,2.7412167,126.9509266,126.9509266,10.57924388,11.30884691,0,1.066666667,0,0.032258065,0.032258065,1,1,0.9375,0.0625,30,0,1,1,30,30,32
2,M,stand,10,1,2.142112,117.6409077,117.6409077,9.803408972,11.67072497,0,1.181818182,0,0.083333333,0.083333333,1,1,0.846153846,0.153846154,22,0,2,2,22,22,26
2,M,stand,11,1,4.4469525,83.65279368,83.65279368,6.97106614,8.770050951,0,1.25,0,0.111111111,0.111111111,1,1,0.8,0.2,32,0,4,4,32,32,40
2,M,stand,12,1,2.8889392,112.151893,112.151893,9.345991082,9.345991082,0,1,0,0,0,1,1,1,0,28,0,0,0,28,28,28
2,M,stand,13,1,1.7379429,138.0942953,131.5183765,11.50785794,11.50785794,1,1,0.047619048,0,0.047619048,1,0,0.952380952,0.047619048,20,1,0,0,21,21,21
2,M,stand,14,1,4.8629644,74.02891948,70.02735626,6.169076623,8.636707273,2,1.387096774,0.054054054,0.162162162,0.216216216,1,0.75,0.674418605,0.325581395,29,2,6,6,31,31,43
2,M,stand,15,1,1.6139746,178.4414699,178.4414699,14.87012249,14.87012249,0,1,0,0,0,1,1,1,0,25,0,0,0,25,25,25
2,M,stand,16,1,5.1001203,72.93945596,70.96811931,6.078287996,7.646878447,1,1.25,0.027027027,0.108108108,0.135135135,1,0.8,0.780487805,0.219512195,32,1,4,4,33,32,40
2,M,stand,17,1,4.0001181,119.9964571,119.9964571,9.999704759,11.24966785,0,1.12195122,0,0.046511628,0.046511628,0.666666667,1,0.891304348,0.108695652,41,0,2,3,41,41,46
2,M,stand,18,1,4.0391612,101.0110713,101.0110713,8.417589276,9.407893896,0,1.114285714,0,0.054054054,0.054054054,1,1,0.897435897,0.102564103,35,0,2,2,35,35,39
2,M,stand,19,1,1.7195874,153.5252003,153.5252003,12.79376669,12.79376669,0,1,0,0,0,1,1,1,0,23,0,0,0,23,23,23
2,M,stand,20,1,2.6568169,112.9170776,112.9170776,9.409756465,10.16253698,0,1.076923077,0,0.037037037,0.037037037,1,1,0.928571429,0.071428571,26,0,1,1,26,26,28
2,M,stand,21,1,4.8977307,100.4546861,100.4546861,8.37122384,10.41298575,0,1.238095238,0,0.106382979,0.106382979,1,1,0.807692308,0.192307692,42,0,5,5,42,42,52
2,M,stand,22,1,1.6582802,115.7826042,115.7826042,9.648550348,10.85461914,0,1.117647059,0,0.055555556,0.055555556,1,1,0.894736842,0.105263158,17,0,1,1,17,17,19
2,M,stand,23,1,3.7588213,79.81225391,79.81225391,6.651021159,10.37559301,0,1.538461538,0,0.212121212,0.212121212,1,1,0.65,0.35,26,0,7,7,26,26,40
2,M,stand,24,1,2.9952094,132.2111235,132.2111235,11.01759363,11.01759363,0,1,0,0,0,1,1,1,0,34,0,0,0,34,34,34
2,M,stand,25,1,8.2765701,46.39603065,45.38742128,3.866335887,6.766087802,1,1.727272727,0.02173913,0.260869565,0.282608696,1,0.923076923,0.568965517,0.431034483,33,1,12,12,34,33,57
2,M,stand,26,1,3.2625566,106.6648162,103.432549,8.888734681,10.72778324,1,1.2,0.03030303,0.090909091,0.121212121,1,0.75,0.805555556,0.194444444,29,1,3,3,30,30,36
2,M,stand,27,1,3.0641124,113.5728572,113.5728572,9.464404765,11.09619869,0,1.166666667,0,0.0625,0.0625,0.666666667,1,0.857142857,0.142857143,30,0,2,3,30,30,35
2,M,stand,28,1,2.0374632,100.1245078,100.1245078,8.343708981,9.325321802,0,1.111111111,0,0.052631579,0.052631579,1,1,0.9,0.1,18,0,1,1,18,18,20
2,M,stand,29,1,1.8449957,143.0897644,131.1656174,11.92414703,11.92414703,2,1,0.083333333,0,0.083333333,1,0,0.916666667,0.083333333,22,2,0,0,24,23,23
2,M,stand,30,1,4.7466411,93.53982967,93.53982967,7.794985806,8.637686974,0,1.105263158,0,0.05,0.05,1,1,0.904761905,0.095238095,38,0,2,2,38,38,42
3,F,sit,6,1,1.8775227,134.2194158,128.3837891,11.18495132,11.18495132,1,1,0.043478261,0,0.043478261,1,0,0.956521739,0.043478261,22,1,0,0,23,22,22
3,F,sit,7,1,2.020531,148.4758215,148.4758215,12.37298512,12.37298512,0,1,0,0,0,1,1,1,0,26,0,0,0,26,26,26
3,F,sit,8,1,4.2022965,59.96721079,59.96721079,4.997267565,8.80470952,0,1.727272727,0,0.266666667,0.266666667,1,1,0.578947368,0.421052632,22,0,8,8,22,22,38
3,F,sit,9,1,2.0937605,183.4020653,183.4020653,15.28350544,15.28350544,0,1,0,0,0,1,1,1,0,33,0,0,0,33,33,33
3,F,sit,10,1,2.0385071,170.7131655,170.7131655,14.22609713,14.22609713,0,1,0,0,0,1,1,1,0,30,0,0,0,30,30,30
3,F,sit,11,1,3.2238089,115.3914551,115.3914551,9.615954593,9.615954593,0,1,0,0,0,1,1,1,0,32,0,0,0,32,32,32
3,F,sit,12,1,1.6440451,175.1776761,175.1776761,14.59813967,14.59813967,0,1,0,0,0,1,1,1,0,25,0,0,0,25,25,25
3,F,sit,13,1,2.0172202,190.360973,190.360973,15.86341442,15.86341442,0,1,0,0,0,1,1,1,0,33,0,0,0,33,33,33
3,F,sit,14,1,2.5811398,144.1223757,144.1223757,12.01019798,12.01019798,0,1,0,0,0,1,1,1,0,32,0,0,0,32,32,32
3,F,sit,15,1,3.0763471,152.1284773,152.1284773,12.67737311,12.67737311,0,1,0,0,0,1,1,1,0,40,0,0,0,40,40,40
3,F,sit,16,1,2.0383281,147.1794457,147.1794457,12.26495381,12.26495381,0,1,0,0,0,1,1,1,0,26,0,0,0,26,26,26
3,F,sit,17,1,2.9371262,110.3119096,102.7041917,9.192659137,9.873596851,2,1.071428571,0.068965517,0.034482759,0.103448276,1,0.333333333,0.866666667,0.133333333,26,2,1,1,28,28,30
3,F,sit,18,1,3.5243251,95.33740233,95.33740233,7.944783527,9.079752603,0,1.137931034,0,0.064516129,0.064516129,1,1,0.878787879,0.121212121,29,0,2,2,29,29,33
3,F,sit,19,1,3.6458239,108.6174239,108.6174239,9.051451991,11.79431623,0,1.294117647,0,0.128205128,0.128205128,1,1,0.772727273,0.227272727,34,0,5,5,34,34,44
3,F,sit,20,1,2.3624361,147.3055716,142.3953858,12.2754643,12.2754643,1,1,0.033333333,0,0.033333333,1,0,0.966666667,0.033333333,29,1,0,0,30,30,30
3,F,sit,21,1,4.6578427,85.01789895,85.01789895,7.084824913,8.372974897,0,1.176470588,0,0.081081081,0.081081081,1,1,0.85,0.15,34,0,3,3,34,34,40
3,F,sit,22,1,1.8775853,159.7796915,159.7796915,13.31497429,13.31497429,0,1,0,0,0,1,1,1,0,26,0,0,0,26,26,26
3,F,sit,23,1,2.7229377,110.1751245,110.1751245,9.181260372,10.65026203,0,1.153846154,0,0.071428571,0.071428571,1,1,0.866666667,0.133333333,26,0,2,2,26,26,30
3,F,sit,24,1,2.4988559,144.0659303,144.0659303,12.00549419,12.00549419,0,1,0,0,0,1,1,1,0,31,0,0,0,31,31,31
3,F,sit,25,1,2.5255805,128.2873383,128.2873383,10.69061152,10.69061152,0,1,0,0,0,1,1,1,0,28,0,0,0,28,28,28
3,F,sit,26,1,1.5000936,175.9890183,175.9890183,14.66575152,14.66575152,0,1,0,0,0,1,1,1,0,23,0,0,0,23,23,23
3,F,sit,27,1,2.7371523,153.444147,153.444147,12.78701225,12.78701225,0,1,0,0,0,1,1,1,0,36,0,0,0,36,36,36
3,F,sit,28,1,2.7566437,121.8873516,121.8873516,10.1572793,10.1572793,0,1,0,0,0,1,1,1,0,29,0,0,0,29,29,29
3,F,sit,29,1,3.1236845,84.51557768,84.51557768,7.042964806,9.604042918,0,1.347826087,0,0.148148148,0.148148148,1,1,0.741935484,0.258064516,23,0,4,4,23,23,31
3,F,sit,30,1,4.0241699,98.4053879,89.72255956,8.200448992,8.200448992,3,1,0.088235294,0,0.088235294,1,0,0.911764706,0.088235294,31,3,0,0,34,34,34
3,F,stand,6,1,3.8752745,92.89664513,92.89664513,7.741387094,11.3540344,0,1.451612903,0,0.184210526,0.184210526,1,1,0.688888889,0.311111111,31,0,7,7,31,31,45
3,F,stand,7,1,3.4051548,105.7220659,105.7220659,8.810172154,11.74689621,0,1.322580645,0,0.138888889,0.138888889,1,1,0.756097561,0.243902439,31,0,5,5,31,31,41
3,F,stand,8,1,2.6574241,126.4382302,117.7183522,10.53651918,10.53651918,2,1,0.068965517,0,0.068965517,1,0,0.931034483,0.068965517,27,2,0,0,29,29,29
3,F,stand,9,1,1.7520827,143.8288273,143.8288273,11.9857356,11.9857356,0,1,0,0,0,1,1,1,0,22,0,0,0,22,22,22
3,F,stand,10,1,2.7250898,136.5092629,136.5092629,11.37577191,11.37577191,0,1,0,0,0,1,1,1,0,32,0,0,0,32,32,32
3,F,stand,11,1,2.3128656,166.0278055,166.0278055,13.83565046,13.83565046,0,1,0,0,0,1,1,1,0,33,0,0,0,33,33,33
3,F,stand,12,1,1.8519795,161.9888341,161.9888341,13.49906951,13.49906951,0,1,0,0,0,1,1,1,0,26,0,0,0,26,26,26
3,F,stand,13,1,3.0532407,125.7680077,122.0689487,10.48066731,10.48066731,1,1,0.029411765,0,0.029411765,1,0,0.970588235,0.029411765,33,1,0,0,34,33,33
3,F,stand,14,1,2.509617,133.8849713,133.8849713,11.15708094,11.15708094,0,1,0,0,0,1,1,1,0,29,0,0,0,29,29,29
3,F,stand,15,1,2.0735825,162.0384045,162.0384045,13.50320038,13.50320038,0,1,0,0,0,1,1,1,0,29,0,0,0,29,29,29
3,F,stand,16,1,1.613386,148.7554745,148.7554745,12.39628954,12.39628954,0,1,0,0,0,1,1,1,0,21,0,0,0,21,21,21
3,F,stand,17,1,2.553989,155.0515684,155.0515684,12.92096403,12.92096403,0,1,0,0,0,1,1,1,0,34,0,0,0,34,34,34
3,F,stand,18,1,2.5460101,146.1109679,146.1109679,12.17591399,12.17591399,0,1,0,0,0,1,1,1,0,32,0,0,0,32,32,32
3,F,stand,19,1,2.5070546,134.0218119,134.0218119,11.16848432,11.16848432,0,1,0,0,0,1,1,1,0,29,0,0,0,29,29,29
3,F,stand,20,1,3.7397112,83.42890221,83.42890221,6.952408518,10.16121245,0,1.444444444,0,0.181818182,0.181818182,1,1,0.692307692,0.307692308,27,0,6,6,27,27,39
3,F,stand,21,1,3.0277848,91.15575189,91.15575189,7.596312657,7.596312657,0,1,0,0,0,1,1,1,0,24,0,0,0,24,24,24
3,F,stand,22,1,1.5173843,181.8919571,181.8919571,15.15766309,15.15766309,0,1,0,0,0,1,1,1,0,24,0,0,0,24,24,24
3,F,stand,23,1,1.8656968,160.7978317,160.7978317,13.39981931,13.39981931,0,1,0,0,0,1,1,1,0,26,0,0,0,26,26,26
3,F,stand,24,1,2.2710838,121.5278802,121.5278802,10.12732335,10.12732335,0,1,0,0,0,1,1,1,0,24,0,0,0,24,24,24
3,F,stand,25,1,4.0673432,97.36085217,97.36085217,8.113404347,10.08029025,0,1.235294118,0,0.105263158,0.105263158,1,1,0.80952381,0.19047619,34,0,4,4,34,34,42
3,F,stand,26,1,2.0041372,173.6408066,173.6408066,14.47006722,14.47006722,0,1,0,0,0,1,1,1,0,30,0,0,0,30,30,30
3,F,stand,27,1,1.7031783,162.0499745,162.0499745,13.50416454,13.50416454,0,1,0,0,0,1,1,1,0,24,0,0,0,24,24,24
3,F,stand,28,1,1.9063063,163.6672973,163.6672973,13.63894144,13.63894144,0,1,0,0,0,1,1,1,0,27,0,0,0,27,27,27
3,F,stand,29,1,2.0975308,137.3043008,137.3043008,11.44202507,11.44202507,0,1,0,0,0,1,1,1,0,25,0,0,0,25,25,25
3,F,stand,30,1,3.7301276,106.1625881,106.1625881,8.846882343,11.52775578,0,1.294117647,0,0.128205128,0.128205128,1,1,0.772727273,0.227272727,34,0,5,5,34,34,44
4,F,sit,6,1,3.8072781,91.40388247,91.40388247,7.616990206,8.142299876,0,1.066666667,0,0.032258065,0.032258065,1,1,0.9375,0.0625,30,0,1,1,30,30,32
4,F,sit,7,1,3.0708872,105.5069688,105.5069688,8.7922474,8.7922474,0,1,0,0,0,1,1,1,0,28,0,0,0,28,28,28
4,F,sit,8,1,2.959244,105.4323334,105.4323334,8.786027783,8.786027783,0,1,0,0,0,1,1,1,0,27,0,0,0,27,27,27
4,F,sit,9,1,3.1233564,103.7345594,103.7345594,8.644546617,8.644546617,0,1,0,0,0,1,1,1,0,28,0,0,0,28,28,28
4,F,sit,10,1,3.0287504,118.8609005,118.8609005,9.905075043,9.905075043,0,1,0,0,0,1,1,1,0,31,0,0,0,31,31,31
4,F,sit,11,1,3.1228894,96.06488145,96.06488145,8.005406788,8.005406788,0,1,0,0,0,1,1,1,0,26,0,0,0,26,26,26
4,F,sit,12,1,3.295161,105.6094072,105.6094072,8.800783937,8.800783937,0,1,0,0,0,1,1,1,0,30,0,0,0,30,30,30
4,F,sit,13,1,4.7694696,75.48009112,75.48009112,6.290007593,7.128675272,0,1.129032258,0,0.060606061,0.060606061,1,1,0.885714286,0.114285714,31,0,2,2,31,31,35
4,F,sit,14,1,6.280033,63.05699349,63.05699349,5.254749458,5.891688786,0,1.117647059,0,0.055555556,0.055555556,1,1,0.894736842,0.105263158,34,0,2,2,34,34,38
4,F,sit,15,1,5.0775248,82.71746895,82.71746895,6.893122413,7.680907831,0,1.111111111,0,0.052631579,0.052631579,1,1,0.9,0.1,36,0,2,2,36,36,40
4,F,sit,16,1,4.9063863,78.26534164,78.26534164,6.522111804,6.929743791,0,1.060606061,0,0.029411765,0.029411765,1,1,0.942857143,0.057142857,33,0,1,1,33,33,35
4,F,sit,17,1,3.2986753,98.22124657,98.22124657,8.185103881,8.185103881,0,1,0,0,0,1,1,1,0,28,0,0,0,28,28,28
4,F,sit,18,1,1.8090523,126.0328405,126.0328405,10.50273671,10.50273671,0,1,0,0,0,1,1,1,0,20,0,0,0,20,20,20
4,F,sit,19,1,2.1339897,123.7119373,123.7119373,10.30932811,10.30932811,0,1,0,0,0,1,1,1,0,23,0,0,0,23,23,23
4,F,sit,20,1,2.2888779,104.8548723,104.8548723,8.737906028,8.737906028,0,1,0,0,0,1,1,1,0,21,0,0,0,21,21,21
4,F,sit,21,1,3.9706525,99.73171916,99.73171916,8.310976596,8.814672148,0,1.058823529,0,0.028571429,0.028571429,1,1,0.944444444,0.055555556,34,0,1,1,34,34,36
4,F,sit,22,1,2.7334959,114.1395529,114.1395529,9.511629412,9.511629412,0,1,0,0,0,1,1,1,0,27,0,0,0,27,27,27
4,F,sit,23,1,2.9490625,113.9345131,113.9345131,9.494542757,9.494542757,0,1,0,0,0,1,1,1,0,29,0,0,0,29,29,29
4,F,sit,24,1,4.7591342,57.9937418,57.9937418,4.832811817,6.093545334,0,1.25,0,0.111111111,0.111111111,1,1,0.8,0.2,24,0,3,3,24,24,30
4,F,sit,25,1,2.6273505,109.6161323,109.6161323,9.134677691,9.134677691,0,1,0,0,0,1,1,1,0,25,0,0,0,25,25,25
4,F,sit,26,1,5.3671704,82.72515439,82.72515439,6.893762866,7.639034527,0,1.105263158,0,0.05,0.05,1,1,0.904761905,0.095238095,38,0,2,2,38,38,42
4,F,sit,27,1,4.0847778,91.06982514,91.06982514,7.589152095,8.078774811,0,1.0625,0,0.03030303,0.03030303,1,1,0.941176471,0.058823529,32,0,1,1,32,32,34
4,F,sit,28,1,3.7689689,82.78126147,82.78126147,6.898438456,7.429087568,0,1.074074074,0,0.035714286,0.035714286,1,1,0.931034483,0.068965517,27,0,1,1,27,27,29
4,F,sit,29,1,3.2181395,100.67929,100.67929,8.389940834,8.389940834,0,1,0,0,0,1,1,1,0,28,0,0,0,28,28,28
4,F,sit,30,1,1.8805645,102.0970033,102.0970033,8.50808361,8.50808361,0,1,0,0,0,1,1,1,0,17,0,0,0,17,17,17
4,F,stand,6,1,3.6750262,101.2237681,101.2237681,8.435314012,8.435314012,0,1,0,0,0,1,1,1,0,32,0,0,0,32,32,32
4,F,stand,7,1,2.9003183,86.88701513,86.88701513,7.240584594,7.240584594,0,1,0,0,0,1,1,1,0,22,0,0,0,22,22,22
4,F,stand,8,1,2.790786,98.89686991,98.89686991,8.241405826,8.241405826,0,1,0,0,0,1,1,1,0,24,0,0,0,24,24,24
4,F,stand,9,1,5.8213524,82.45506663,82.45506663,6.871255552,7.901943885,0,1.146341463,0,0.068181818,0.068181818,1,1,0.872340426,0.127659574,41,0,3,3,41,41,47
4,F,stand,10,1,2.8703698,121.2387338,121.2387338,10.10322781,10.10322781,0,1,0,0,0,1,1,1,0,30,0,0,0,30,30,30
4,F,stand,11,1,3.8176982,91.15440293,91.15440293,7.596200244,7.596200244,0,1,0,0,0,1,1,1,0,30,0,0,0,30,30,30
4,F,stand,12,1,4.4336766,83.90327793,83.90327793,6.991939827,6.991939827,0,1,0,0,0,1,1,1,0,32,0,0,0,32,32,32
4,F,stand,13,1,4.1728538,103.5262726,103.5262726,8.627189383,8.627189383,0,1,0,0,0,1,1,1,0,37,0,0,0,37,37,37
4,F,stand,14,1,4.1697687,92.09143903,92.09143903,7.674286586,8.633572409,0,1.121212121,0,0.057142857,0.057142857,1,1,0.891891892,0.108108108,33,0,2,2,33,33,37
4,F,stand,15,1,4.8869683,88.39836346,88.39836346,7.366530288,7.775781971,0,1.054054054,0,0.026315789,0.026315789,1,1,0.948717949,0.051282051,37,0,1,1,37,37,39
4,F,stand,16,1,2.6981069,106.7415083,106.7415083,8.89512569,8.89512569,0,1,0,0,0,1,1,1,0,25,0,0,0,25,25,25
4,F,stand,17,1,4.8903631,88.33699894,88.33699894,7.361416579,7.770384166,0,1.054054054,0,0.026315789,0.026315789,1,1,0.948717949,0.051282051,37,0,1,1,37,37,39
4,F,stand,18,1,2.8976758,107.6725008,107.6725008,8.972708403,8.972708403,0,1,0,0,0,1,1,1,0,27,0,0,0,27,27,27
4,F,stand,19,1,2.6811228,116.369157,116.369157,9.697429748,9.697429748,0,1,0,0,0,1,1,1,0,27,0,0,0,27,27,27
4,F,stand,20,1,3.4904577,110.0142254,110.0142254,9.167852113,9.167852113,0,1,0,0,0,1,1,1,0,33,0,0,0,33,33,33
4,F,stand,21,1,3.3944068,113.1272775,113.1272775,9.427273125,9.427273125,0,1,0,0,0,1,1,1,0,33,0,0,0,33,33,33
4,F,stand,22,1,4.2626724,67.56324976,67.56324976,5.630270813,6.568649282,0,1.16,0,0.074074074,0.074074074,1,1,0.862068966,0.137931034,25,0,2,2,25,25,29
4,F,stand,23,1,4.103738,90.6490619,90.6490619,7.554088492,8.04144904,0,1.0625,0,0.03030303,0.03030303,1,1,0.941176471,0.058823529,32,0,1,1,32,32,34
4,F,stand,24,1,2.7853576,112.0143424,112.0143424,9.334528536,9.334528536,0,1,0,0,0,1,1,1,0,27,0,0,0,27,27,27
4,F,stand,25,1,3.1552535,106.4890666,106.4890666,8.874088881,8.874088881,0,1,0,0,0,1,1,1,0,29,0,0,0,29,29,29
4,F,stand,26,1,4.0608002,88.6524779,88.6524779,7.387706492,7.880220258,0,1.064516129,0,0.03125,0.03125,1,1,0.939393939,0.060606061,31,0,1,1,31,31,33
4,F,stand,27,1,4.3913118,62.85137849,62.85137849,5.237614874,6.148504417,0,1.166666667,0,0.076923077,0.076923077,1,1,0.857142857,0.142857143,24,0,2,2,24,24,28
4,F,stand,28,1,1.9433126,117.325437,117.325437,9.777119749,9.777119749,0,1,0,0,0,1,1,1,0,20,0,0,0,20,20,20
4,F,stand,29,1,6.4753284,63.00838734,63.00838734,5.250698945,7.412751452,0,1.4,0,0.166666667,0.166666667,1,1,0.714285714,0.285714286,35,0,7,7,35,35,49
4,F,stand,30,1,2.4884113,91.62472458,91.62472458,7.635393715,8.439119369,0,1.1,0,0.047619048,0.047619048,1,1,0.909090909,0.090909091,20,0,1,1,20,20,22
5,F,sit,6,1,5.1954857,66.98122564,66.98122564,5.581768804,9.046314958,0,1.6,0,0.230769231,0.230769231,1,1,0.625,0.375,30,0,9,9,30,30,48
5,F,sit,7,1,3.1932015,90.1916149,90.1916149,7.515967909,8.142298568,0,1.08,0,0.038461538,0.038461538,1,1,0.925925926,0.074074074,25,0,1,1,25,25,27
5,F,sit,8,1,5.538354,65.00126211,63.08946028,5.416771842,6.139008088,1,1.129032258,0.029411765,0.058823529,0.088235294,1,0.666666667,0.861111111,0.138888889,31,1,2,2,32,31,35
5,F,sit,9,1,3.3306727,90.07189449,90.07189449,7.505991207,8.106470504,0,1.076923077,0,0.037037037,0.037037037,1,1,0.928571429,0.071428571,26,0,1,1,26,26,28
5,F,sit,10,1,4.9364159,94.80562608,94.80562608,7.90046884,8.305621088,0,1.05,0,0.024390244,0.024390244,1,1,0.952380952,0.047619048,40,0,1,1,40,40,42
5,F,sit,11,1,4.8830928,66.35139107,66.35139107,5.529282589,8.396318006,0,1.5,0,0.2,0.2,1,1,0.666666667,0.333333333,28,0,7,7,28,28,42
5,F,sit,12,1,4.0210126,95.49833293,95.49833293,7.958194411,7.958194411,0,1,0,0,0,1,1,1,0,33,0,0,0,33,33,33
5,F,sit,13,1,3.1449115,110.6549421,110.6549421,9.221245177,9.221245177,0,1,0,0,0,1,1,1,0,30,0,0,0,30,30,30
5,F,sit,14,1,3.1364042,95.65093683,95.65093683,7.970911402,9.246257227,0,1.153846154,0,0.071428571,0.071428571,1,1,0.866666667,0.133333333,26,0,2,2,26,26,30
5,F,sit,15,1,4.5727839,99.72043507,99.72043507,8.310036256,8.310036256,0,1,0,0,0,1,1,1,0,39,0,0,0,39,39,39
5,F,sit,16,1,3.7256873,80.52205562,80.52205562,6.710171302,7.78379871,0,1.153846154,0,0.071428571,0.071428571,1,1,0.866666667,0.133333333,26,0,2,2,26,26,30
5,F,sit,17,1,2.3302241,139.0424209,139.0424209,11.5868684,11.5868684,0,1,0,0,0,1,1,1,0,28,0,0,0,28,28,28
5,F,sit,18,1,4.7311613,68.48212932,66.27302838,5.70684411,6.552302497,1,1.142857143,0.032258065,0.064516129,0.096774194,1,0.666666667,0.848484848,0.151515152,28,1,2,2,29,28,32
5,F,sit,19,1,4.6555575,64.4391139,64.4391139,5.369926158,7.088302529,0,1.307692308,0,0.133333333,0.133333333,1,1,0.764705882,0.235294118,26,0,4,4,26,26,34
5,F,sit,20,1,2.9423738,114.1935127,114.1935127,9.516126061,9.516126061,0,1,0,0,0,1,1,1,0,29,0,0,0,29,29,29
5,F,sit,21,1,3.8913054,98.68153756,95.69118794,8.223461464,8.223461464,1,1,0.03030303,0,0.03030303,1,0,0.96969697,0.03030303,32,1,0,0,32,33,33
5,F,sit,22,1,6.8621103,59.45692829,59.45692829,4.954744024,8.743665924,0,1.742857143,0,0.270833333,0.270833333,1,1,0.573770492,0.426229508,35,0,13,13,35,35,61
5,F,sit,23,1,4.5548499,108.0167318,108.0167318,9.001394316,9.001394316,0,1,0,0,0,1,1,1,0,42,0,0,0,42,42,42
5,F,sit,24,1,2.9309364,102.3563664,102.3563664,8.529697198,8.529697198,0,1,0,0,0,1,1,1,0,26,0,0,0,26,26,26
5,F,sit,25,1,2.0831515,126.7310611,126.7310611,10.56092176,10.56092176,0,1,0,0,0,1,1,1,0,23,0,0,0,23,23,23
5,F,sit,26,1,8.1127761,47.33274964,46.28091076,3.944395803,6.656167918,1,1.666666667,0.022222222,0.244444444,0.266666667,1,0.916666667,0.589285714,0.410714286,33,1,11,11,34,33,55
5,F,sit,27,1,3.401884,88.18642846,88.18642846,7.348869038,7.936778562,0,1.076923077,0,0.037037037,0.037037037,1,1,0.928571429,0.071428571,26,0,1,1,26,26,28
5,F,sit,28,1,3.5587752,94.41450531,94.41450531,7.867875442,8.429866545,0,1.068965517,0,0.033333333,0.033333333,1,1,0.935483871,0.064516129,29,0,1,1,29,29,31
5,F,sit,29,1,3.1472616,102.9466378,102.9466378,8.578886483,9.214359556,0,1.071428571,0,0.034482759,0.034482759,1,1,0.933333333,0.066666667,28,0,1,1,28,28,30
5,F,sit,30,1,3.2073016,82.31218417,82.31218417,6.859348681,6.859348681,0,1,0,0,0,1,1,1,0,23,0,0,0,23,23,23
5,F,stand,6,1,5.7352203,54.40070018,54.40070018,4.533391682,7.671893615,0,1.666666667,0,0.25,0.25,1,1,0.6,0.4,27,0,9,9,27,27,45
5,F,stand,7,1,5.7638794,52.04827846,52.04827846,4.337356538,5.72531063,0,1.307692308,0,0.133333333,0.133333333,1,1,0.764705882,0.235294118,26,0,4,4,26,26,34
5,F,stand,8,1,3.3820434,113.5408256,113.5408256,9.46173547,9.46173547,0,1,0,0,0,1,1,1,0,33,0,0,0,33,33,33
5,F,stand,9,1,6.842434,57.87414245,57.87414245,4.822845204,7.161194394,0,1.470588235,0,0.19047619,0.19047619,1,1,0.68,0.32,34,0,8,8,34,34,50
5,F,stand,10,1,6.5290116,58.81441534,58.81441534,4.901201278,6.126501598,0,1.242424242,0,0.108108108,0.108108108,1,1,0.804878049,0.195121951,33,0,4,4,33,33,41
5,F,stand,11,1,3.721418,83.83900975,77.62871274,6.986584146,7.255298921,2,1.037037037,0.074074074,0,0.074074074,0,0,0.892857143,0.107142857,25,2,0,1,27,27,28
5,F,stand,12,1,2.6528957,113.0839784,113.0839784,9.423664866,9.423664866,0,1,0,0,0,1,1,1,0,26,0,0,0,26,26,26
5,F,stand,13,1,5.8423542,57.51106292,57.51106292,4.792588577,6.84655511,0,1.413793103,0,0.171428571,0.171428571,1,1,0.707317073,0.292682927,29,0,6,6,29,29,41
5,F,stand,14,1,3.7853448,88.76338029,88.76338029,7.396948357,7.925301811,0,1.068965517,0,0.033333333,0.033333333,1,1,0.935483871,0.064516129,29,0,1,1,29,29,31
5,F,stand,15,1,3.7500692,83.19846471,83.19846471,6.933205393,9.06649936,0,1.296296296,0,0.129032258,0.129032258,1,1,0.771428571,0.228571429,27,0,4,4,27,27,35
5,F,stand,16,1,5.7365575,66.93910067,66.93910067,5.578258389,6.275540688,0,1.121212121,0,0.057142857,0.057142857,1,1,0.891891892,0.108108108,33,0,2,2,33,33,37
5,F,stand,17,1,3.629208,89.27567668,89.27567668,7.439639723,7.990724147,0,1.071428571,0,0.034482759,0.034482759,1,1,0.933333333,0.066666667,28,0,1,1,28,28,30
5,F,stand,18,1,2.5318363,99.53250137,99.53250137,8.294375114,9.084315601,0,1.090909091,0,0.043478261,0.043478261,1,1,0.916666667,0.083333333,22,0,1,1,22,22,24
5,F,stand,19,1,5.0496585,78.42114472,78.42114472,6.535095393,8.119360943,0,1.235294118,0,0.105263158,0.105263158,1,1,0.80952381,0.19047619,34,0,4,4,34,34,42
5,F,stand,20,1,5.0378701,64.31289286,64.31289286,5.359407739,7.344373568,0,1.357142857,0,0.151515152,0.151515152,1,1,0.736842105,0.263157895,28,0,5,5,28,28,38
5,F,stand,21,1,4.0975775,84.92822894,84.92822894,7.077352411,7.565445681,0,1.066666667,0,0.032258065,0.032258065,1,1,0.9375,0.0625,30,0,1,1,30,30,32
5,F,stand,22,1,2.9591567,129.7667001,129.7667001,10.81389167,10.81389167,0,1,0,0,0,1,1,1,0,33,0,0,0,33,33,33
5,F,stand,23,1,3.3632239,103.4721477,103.4721477,8.622678972,8.622678972,0,1,0,0,0,1,1,1,0,30,0,0,0,30,30,30
5,F,stand,24,1,2.9318757,110.5094599,106.6987888,9.209121655,9.209121655,1,1,0.034482759,0,0.034482759,1,0,0.965517241,0.034482759,28,1,0,0,29,28,28
5,F,stand,25,1,8.0179953,49.38890398,49.38890398,4.115741999,5.861814362,0,1.411764706,0,0.170731707,0.170731707,1,1,0.708333333,0.291666667,34,0,7,7,34,34,48
5,F,stand,26,1,6.0744191,63.21592134,63.21592134,5.267993445,6.914241396,0,1.303030303,0,0.131578947,0.131578947,1,1,0.76744186,0.23255814,33,0,5,5,33,33,43
5,F,stand,27,1,7.4560484,49.89237999,49.89237999,4.157698333,6.571845751,0,1.5625,0,0.219512195,0.219512195,1,1,0.64,0.36,32,0,9,9,32,32,50
5,F,stand,28,1,6.592779,65.52623711,65.52623711,5.46051976,8.494141848,0,1.540540541,0,0.212765957,0.212765957,1,1,0.649122807,0.350877193,37,0,10,10,37,37,57
5,F,stand,29,1,3.8731837,83.65211286,77.67696194,6.971009405,6.971009405,2,1,0.071428571,0,0.071428571,1,0,0.928571429,0.071428571,26,2,0,0,28,28,28
5,F,stand,30,1,4.9415572,70.42314516,70.42314516,5.86859543,8.701710465,0,1.466666667,0,0.189189189,0.189189189,1,1,0.681818182,0.318181818,30,0,7,7,30,30,44
6,M,sit,6,1,5.2415443,59.52444206,59.52444206,4.960370172,5.341937108,0,1.074074074,0,0.035714286,0.035714286,1,1,0.931034483,0.068965517,27,0,1,1,27,27,29
6,M,sit,7,1,6.9710759,43.03496394,43.03496394,3.586246995,3.873146755,0,1.076923077,0,0.037037037,0.037037037,1,1,0.928571429,0.071428571,26,0,1,1,26,26,28
6,M,sit,8,1,5.2966082,61.17122275,61.17122275,5.097601895,5.097601895,0,1,0,0,0,1,1,1,0,28,0,0,0,28,28,28
6,M,sit,9,1,6.5500308,67.78594079,67.78594079,5.648828399,5.954170475,0,1.052631579,0,0.025641026,0.025641026,1,1,0.95,0.05,38,0,1,1,38,38,40
6,M,sit,10,1,3.4115284,84.41964018,84.41964018,7.034970015,7.034970015,0,1,0,0,0,1,1,1,0,25,0,0,0,25,25,25
6,M,sit,11,1,8.8957283,48.56263427,48.56263427,4.046886189,4.49654021,0,1.108108108,0,0.051282051,0.051282051,1,1,0.902439024,0.097560976,37,0,2,2,37,37,41
6,M,sit,12,1,8.3019898,52.03571799,52.03571799,4.336309833,5.059028138,0,1.162162162,0,0.075,0.075,1,1,0.860465116,0.139534884,37,0,3,3,37,37,43
6,M,sit,13,1,5.3136168,58.71706819,58.71706819,4.893089016,5.269480479,0,1.074074074,0,0.035714286,0.035714286,1,1,0.931034483,0.068965517,27,0,1,1,27,27,29
6,M,sit,14,1,5.9501921,54.45202349,54.45202349,4.537668624,4.537668624,0,1,0,0,0,1,1,1,0,28,0,0,0,28,28,28
6,M,sit,15,1,6.1344579,60.64105518,58.85749473,5.053421265,5.705475622,1,1.125,0.029411765,0.058823529,0.088235294,1,0.666666667,0.861111111,0.138888889,31,1,2,2,31,32,36
6,M,sit,16,1,6.0080202,51.93058439,51.93058439,4.327548699,4.66043706,0,1.074074074,0,0.035714286,0.035714286,1,1,0.931034483,0.068965517,27,0,1,1,27,27,29
6,M,sit,17,1,5.9282201,56.67805755,56.67805755,4.723171463,5.397910243,0,1.137931034,0,0.064516129,0.064516129,1,1,0.878787879,0.121212121,29,0,2,2,29,29,33
6,M,sit,18,1,4.6146226,78.01288019,78.01288019,6.501073349,6.501073349,0,1,0,0,0,1,1,1,0,31,0,0,0,31,31,31
6,M,sit,19,1,4.8320346,49.66851852,49.66851852,4.13904321,4.13904321,0,1,0,0,0,1,1,1,0,21,0,0,0,21,21,21
6,M,sit,20,1,5.8309974,65.85494276,65.85494276,5.487911897,5.487911897,0,1,0,0,0,1,1,1,0,33,0,0,0,33,33,33
6,M,sit,21,1,5.5058086,61.02645849,61.02645849,5.085538208,5.085538208,0,1,0,0,0,1,1,1,0,29,0,0,0,29,29,29
6,M,sit,22,1,3.3010793,69.06831956,69.06831956,5.755693297,5.755693297,0,1,0,0,0,1,1,1,0,20,0,0,0,20,20,20
6,M,sit,23,1,5.2158292,75.92273152,75.92273152,6.326894293,6.326894293,0,1,0,0,0,1,1,1,0,34,0,0,0,34,34,34
6,M,sit,24,1,4.1621693,74.96091041,74.96091041,6.246742534,6.246742534,0,1,0,0,0,1,1,1,0,27,0,0,0,27,27,27
6,M,sit,25,1,5.8387529,63.71223554,63.71223554,5.309352961,5.309352961,0,1,0,0,0,1,1,1,0,32,0,0,0,32,32,32
6,M,sit,26,1,5.1178271,63.30811762,63.30811762,5.275676468,5.275676468,0,1,0,0,0,1,1,1,0,28,0,0,0,28,28,28
6,M,sit,27,1,5.6424847,57.42151148,53.59341072,4.785125957,5.494033506,2,1.142857143,0.066666667,0.066666667,0.133333333,1,0.5,0.8125,0.1875,26,2,2,2,28,28,32
6,M,sit,28,1,5.8448107,61.5930983,61.5930983,5.132758192,5.474942071,0,1.064516129,0,0.03125,0.03125,1,1,0.939393939,0.060606061,31,0,1,1,31,31,33
6,M,sit,29,1,4.3184391,72.24832695,69.57246299,6.020693912,6.020693912,1,1,0.037037037,0,0.037037037,1,0,0.962962963,0.037037037,26,1,0,0,27,27,27
6,M,sit,30,1,7.2850195,41.18039766,39.89351024,3.431699805,5.078915712,1,1.461538462,0.03125,0.1875,0.21875,1,0.857142857,0.657894737,0.342105263,25,1,6,6,25,26,38
6,M,stand,6,1,6.6918127,60.97002685,60.97002685,5.080835571,5.678580932,0,1.114285714,0,0.054054054,0.054054054,1,1,0.897435897,0.102564103,35,0,2,2,35,35,39
6,M,stand,7,1,5.6086741,47.06994831,45.10870047,3.922495693,3.922495693,1,1,0.041666667,0,0.041666667,1,0,0.958333333,0.041666667,23,1,0,0,24,23,23
6,M,stand,8,1,4.9609661,65.30985971,65.30985971,5.442488309,5.442488309,0,1,0,0,0,1,1,1,0,28,0,0,0,28,28,28
6,M,stand,9,1,5.0413073,69.02971378,69.02971378,5.752476148,6.545921134,0,1.133333333,0,0.0625,0.0625,1,1,0.882352941,0.117647059,30,0,2,2,30,30,34
6,M,stand,10,1,5.5657506,68.99338968,68.99338968,5.74944914,5.74944914,0,1,0,0,0,1,1,1,0,33,0,0,0,33,33,33
6,M,stand,11,1,7.8413152,42.84995456,42.84995456,3.570829547,4.59106656,0,1.275862069,0,0.121212121,0.121212121,1,1,0.783783784,0.216216216,29,0,4,4,29,29,37
6,M,stand,12,1,6.8986434,67.83942478,64.44745354,5.653285398,5.653285398,2,1,0.05,0,0.05,1,0,0.95,0.05,38,2,0,0,40,40,40
6,M,stand,13,1,5.6417963,53.17455364,51.40206852,4.431212804,5.849200901,1,1.307692308,0.033333333,0.133333333,0.166666667,1,0.8,0.735294118,0.264705882,25,1,4,4,26,26,34
6,M,stand,14,1,4.6767349,66.71321053,66.71321053,5.559434211,5.559434211,0,1,0,0,0,1,1,1,0,27,0,0,0,27,27,27
6,M,stand,15,1,2.7478043,82.97534144,82.97534144,6.914611787,6.914611787,0,1,0,0,0,1,1,1,0,20,0,0,0,20,20,20
6,M,stand,16,1,6.7013028,59.09298711,57.45151525,4.924415593,5.521314452,1,1.117647059,0.027777778,0.055555556,0.083333333,1,0.666666667,0.868421053,0.131578947,33,1,2,2,34,34,38
6,M,stand,17,1,5.0239951,64.49050876,64.49050876,5.374209063,5.374209063,0,1,0,0,0,1,1,1,0,28,0,0,0,28,28,28
6,M,stand,18,1,3.5447367,77.86191849,77.86191849,6.488493207,6.488493207,0,1,0,0,0,1,1,1,0,24,0,0,0,24,24,24
6,M,stand,19,1,9.5852299,50.07704614,48.88473552,4.173087179,4.381741538,1,1.048780488,0.023809524,0.023809524,0.047619048,1,0.5,0.930232558,0.069767442,40,1,1,1,41,41,43
6,M,stand,20,1,1.9263115,93.44283103,93.44283103,7.786902586,7.786902586,0,1,0,0,0,1,1,1,0,16,0,0,0,16,16,16
6,M,stand,21,1,3.4852671,82.63355196,76.0228678,6.88612933,6.88612933,2,1,0.08,0,0.08,1,0,0.92,0.08,23,2,0,0,25,25,25
6,M,stand,22,1,5.5848996,62.31087843,62.31087843,5.192573202,5.908790196,0,1.133333333,0,0.0625,0.0625,1,1,0.882352941,0.117647059,30,0,2,2,30,30,34
6,M,stand,23,1,11.1054844,34.57751019,34.57751019,2.881459182,3.962006376,0,1.363636364,0,0.153846154,0.153846154,1,1,0.733333333,0.266666667,33,0,6,6,33,33,45
6,M,stand,24,1,7.9209106,45.44931993,44.11257523,3.787443328,4.544931993,1,1.193548387,0.029411765,0.088235294,0.117647059,1,0.75,0.810810811,0.189189189,30,1,3,3,31,31,37
6,M,stand,25,1,9.292059,43.9084599,43.9084599,3.659038325,3.874275874,0,1.057142857,0,0.027777778,0.027777778,1,1,0.945945946,0.054054054,35,0,1,1,35,35,37
6,M,stand,26,1,4.6243386,54.49427946,52.22368449,4.541189955,4.973684237,1,1.090909091,0.041666667,0.041666667,0.083333333,1,0.5,0.88,0.12,22,1,1,1,23,22,24
6,M,stand,27,1,4.7439745,63.23811395,63.23811395,5.269842829,5.269842829,0,1,0,0,0,1,1,1,0,26,0,0,0,26,26,26
6,M,stand,28,1,8.1078781,39.9611336,39.9611336,3.330094467,4.563462788,0,1.357142857,0,0.151515152,0.151515152,1,1,0.736842105,0.263157895,28,0,5,5,28,28,38
6,M,stand,29,1,9.5065657,49.22913434,49.22913434,4.102427862,4.312808778,0,1.05,0,0.024390244,0.024390244,1,1,0.952380952,0.047619048,40,0,1,1,40,40,42
6,M,stand,30,1,5.8896535,63.16161044,63.16161044,5.263467537,5.263467537,0,1,0,0,0,1,1,1,0,32,0,0,0,32,32,32
7,F,sit,6,1,3.5831361,97.12162482,97.12162482,8.093468735,8.651638993,0,1.066666667,0,0.032258065,0.032258065,1,1,0.9375,0.0625,30,0,1,1,30,30,32
7,F,sit,7,1,6.5526538,69.59012545,67.93321771,5.799177121,6.714836667,1,1.153846154,0.023809524,0.071428571,0.095238095,1,0.75,0.844444444,0.155555556,38,1,3,3,38,39,45
7,F,sit,8,1,2.6801045,94.02618443,94.02618443,7.835515369,9.327994487,0,1.181818182,0,0.083333333,0.083333333,1,1,0.846153846,0.153846154,22,0,2,2,22,22,26
7,F,sit,9,1,4.0639237,100.3955857,100.3955857,8.366298806,8.85843403,0,1.057142857,0,0.027777778,0.027777778,1,1,0.945945946,0.054054054,35,0,1,1,35,35,37
7,F,sit,10,1,2.0086058,107.5372778,107.5372778,8.961439821,8.961439821,0,1,0,0,0,1,1,1,0,19,0,0,0,19,19,19
7,F,sit,11,1,3.1689638,83.30798856,83.30798856,6.94233238,6.94233238,0,1,0,0,0,1,1,1,0,23,0,0,0,23,23,23
7,F,sit,12,1,2.4909067,96.35045745,96.35045745,8.029204787,8.029204787,0,1,0,0,0,1,1,1,0,21,0,0,0,21,21,21
7,F,sit,13,1,4.1822845,86.07735796,83.30066899,7.173113163,7.173113163,1,1,0.032258065,0,0.032258065,1,0,0.967741935,0.032258065,30,1,0,0,30,31,31
7,F,sit,14,1,4.668134,59.12426678,59.12426678,4.927022232,7.069205811,0,1.416666667,0,0.172413793,0.172413793,1,1,0.705882353,0.294117647,24,0,5,5,24,24,34
7,F,sit,15,1,4.1837435,91.78382948,91.78382948,7.648652457,7.648652457,0,1,0,0,0,1,1,1,0,33,0,0,0,33,33,33
7,F,sit,16,1,2.1235652,113.0174859,113.0174859,9.418123823,9.418123823,0,1,0,0,0,1,1,1,0,21,0,0,0,21,21,21
7,F,sit,17,1,3.4179663,112.3475091,112.3475091,9.362292425,9.362292425,0,1,0,0,0,1,1,1,0,33,0,0,0,33,33,33
7,F,sit,18,1,3.3581257,85.76212618,85.76212618,7.146843848,7.742414169,0,1.08,0,0.038461538,0.038461538,1,1,0.925925926,0.074074074,25,0,1,1,25,25,27
7,F,sit,19,1,5.2040125,55.34191165,55.34191165,4.611825971,5.764782464,0,1.24,0,0.107142857,0.107142857,1,1,0.806451613,0.193548387,25,0,3,3,25,25,31
7,F,sit,20,1,2.4302712,108.6298517,108.6298517,9.05248764,9.05248764,0,1,0,0,0,1,1,1,0,23,0,0,0,23,23,23
7,F,sit,21,1,4.3122418,83.48325922,80.95346348,6.956938268,7.884530037,1,1.129032258,0.03030303,0.060606061,0.090909091,1,0.666666667,0.857142857,0.142857143,30,1,2,2,30,31,35
7,F,sit,22,1,5.9806494,66.2135453,66.2135453,5.517795442,7.524266512,0,1.352941176,0,0.15,0.15,1,1,0.739130435,0.260869565,34,0,6,6,34,34,46
7,F,sit,23,1,3.1836971,82.92246144,82.92246144,6.91020512,8.794806516,0,1.260869565,0,0.115384615,0.115384615,1,1,0.793103448,0.206896552,23,0,3,3,23,23,29
7,F,sit,24,1,3.4777072,89.71428072,89.71428072,7.47619006,8.051281603,0,1.074074074,0,0.035714286,0.035714286,1,1,0.931034483,0.068965517,27,0,1,1,27,27,29
7,F,sit,25,1,2.3359987,97.60279404,97.60279404,8.13356617,8.13356617,0,1,0,0,0,1,1,1,0,20,0,0,0,20,20,20
7,F,sit,26,1,2.819316,114.9214916,114.9214916,9.576790966,9.576790966,0,1,0,0,0,1,1,1,0,28,0,0,0,28,28,28
7,F,sit,27,1,6.0102166,79.86401023,79.86401023,6.655334185,7.320867604,0,1.097560976,0,0.046511628,0.046511628,1,1,0.911111111,0.088888889,41,0,2,2,41,41,45
7,F,sit,28,1,2.7609793,117.3496665,117.3496665,9.779138873,9.779138873,0,1,0,0,0,1,1,1,0,28,0,0,0,28,28,28
7,F,sit,29,1,4.3723214,87.82519968,85.31590826,7.31876664,7.776189555,1,1.060606061,0.028571429,0.028571429,0.057142857,1,0.5,0.916666667,0.083333333,33,1,1,1,34,33,35
7,F,sit,30,1,2.9576785,93.31643044,93.31643044,7.776369203,7.776369203,0,1,0,0,0,1,1,1,0,24,0,0,0,24,24,24
7,F,stand,6,1,4.1226892,90.23236581,90.23236581,7.519363817,8.48960431,0,1.125,0,0.058823529,0.058823529,1,1,0.888888889,0.111111111,32,0,2,2,32,32,36
7,F,stand,7,1,2.7360029,96.4911258,96.4911258,8.04092715,8.04092715,0,1,0,0,0,1,1,1,0,23,0,0,0,23,23,23
7,F,stand,8,1,3.5319311,74.74664497,74.74664497,6.228887081,6.228887081,0,1,0,0,0,1,1,1,0,23,0,0,0,23,23,23
7,F,stand,9,1,3.3886001,99.1559907,99.1559907,8.262999225,8.853213455,0,1.068965517,0,0.033333333,0.033333333,1,1,0.935483871,0.064516129,29,0,1,1,29,29,31
7,F,stand,10,1,3.7720054,79.53329017,79.53329017,6.627774181,6.627774181,0,1,0,0,0,1,1,1,0,26,0,0,0,26,26,26
7,F,stand,11,1,3.328484,97.34161258,86.91215409,8.111801048,8.111801048,3,1,0.107142857,0,0.107142857,1,0,0.892857143,0.107142857,25,3,0,0,27,28,28
7,F,stand,12,1,4.7684331,65.43029827,65.43029827,5.452524856,5.871949844,0,1.074074074,0,0.035714286,0.035714286,1,1,0.931034483,0.068965517,27,0,1,1,27,27,29
7,F,stand,13,1,3.7355167,73.88536103,73.88536103,6.157113419,6.692514586,0,1.083333333,0,0.04,0.04,1,1,0.923076923,0.076923077,24,0,1,1,24,24,26
7,F,stand,14,1,3.0130199,99.56787873,99.56787873,8.297323227,8.961109085,0,1.076923077,0,0.037037037,0.037037037,1,1,0.928571429,0.071428571,26,0,1,1,26,26,28
7,F,stand,15,1,4.3722419,98.80514617,98.80514617,8.23376218,8.23376218,0,1,0,0,0,1,1,1,0,37,0,0,0,37,37,37
7,F,stand,16,1,5.3381856,65.19068951,65.19068951,5.432557459,7.305853135,0,1.333333333,0,0.142857143,0.142857143,1,1,0.75,0.25,30,0,5,5,30,30,40
7,F,stand,17,1,4.2836065,81.23995516,81.23995516,6.769996264,9.104477734,0,1.333333333,0,0.142857143,0.142857143,1,1,0.75,0.25,30,0,5,5,30,30,40
7,F,stand,18,1,1.867176,134.9631743,134.9631743,11.24693119,11.24693119,0,1,0,0,0,1,1,1,0,22,0,0,0,22,22,22
7,F,stand,19,1,4.2646888,67.53130498,65.28026148,5.627608748,7.972445727,1,1.4,0.033333333,0.166666667,0.2,1,0.833333333,0.685714286,0.314285714,24,1,5,5,25,25,35
7,F,stand,20,1,3.1558737,79.85110431,79.85110431,6.654258692,7.287997615,0,1.090909091,0,0.043478261,0.043478261,1,1,0.916666667,0.083333333,22,0,1,1,22,22,24
7,F,stand,21,1,1.9925426,144.5389424,144.5389424,12.04491186,12.04491186,0,1,0,0,0,1,1,1,0,25,0,0,0,25,25,25
7,F,stand,22,1,4.0118297,80.76115494,80.76115494,6.730096245,6.730096245,0,1,0,0,0,1,1,1,0,28,0,0,0,28,28,28
7,F,stand,23,1,3.4666689,83.07686956,83.07686956,6.923072463,6.923072463,0,1,0,0,0,1,1,1,0,25,0,0,0,25,25,25
7,F,stand,24,1,2.4785797,121.0370601,121.0370601,10.08642167,10.08642167,0,1,0,0,0,1,1,1,0,26,0,0,0,26,26,26
7,F,stand,25,1,3.8586344,62.19817042,62.19817042,5.183180868,6.738135129,0,1.285714286,0,0.125,0.125,1,1,0.777777778,0.222222222,21,0,3,3,21,21,27
7,F,stand,26,1,4.1916578,83.0220444,83.0220444,6.9185037,7.872780073,0,1.133333333,0,0.0625,0.0625,1,1,0.882352941,0.117647059,30,0,2,2,30,30,34
7,F,stand,27,1,3.1973335,97.58131268,97.58131268,8.131776057,8.131776057,0,1,0,0,0,1,1,1,0,27,0,0,0,27,27,27
7,F,stand,28,1,8.8580305,55.54282072,54.47468955,4.628568393,6.886406634,1,1.476190476,0.019230769,0.192307692,0.211538462,1,0.909090909,0.661290323,0.338709677,41,1,10,10,41,42,62
7,F,stand,29,1,4.2387007,96.25591163,96.25591163,8.021325969,8.021325969,0,1,0,0,0,1,1,1,0,35,0,0,0,35,35,35
7,F,stand,30,1,6.1893774,50.40894743,48.96869179,4.200745619,6.785819847,1,1.592592593,0.028571429,0.228571429,0.257142857,1,0.888888889,0.604651163,0.395348837,26,1,8,8,27,27,43
8,F,sit,6,1,8.6558204,38.81781096,38.81781096,3.23481758,3.23481758,0,1,0,0,0,1,1,1,0,29,0,0,0,29,29,29
8,F,sit,7,1,5.7056042,44.16710153,44.16710153,3.680591794,3.680591794,0,1,0,0,0,1,1,1,0,22,0,0,0,22,22,22
8,F,sit,8,1,12.3485673,32.06849753,32.06849753,2.672374794,2.672374794,0,1,0,0,0,1,1,1,0,34,0,0,0,34,34,34
8,F,sit,9,1,7.6391823,47.12546263,47.12546263,3.927121886,3.927121886,0,1,0,0,0,1,1,1,0,31,0,0,0,31,31,31
8,F,sit,10,1,5.9821242,52.15538654,46.76000173,4.346282212,4.346282212,3,1,0.103448276,0,0.103448276,1,0,0.896551724,0.103448276,26,3,0,0,29,27,27
8,F,sit,11,1,9.0969612,38.25453273,38.25453273,3.187877728,3.627585001,0,1.133333333,0,0.0625,0.0625,1,1,0.882352941,0.117647059,30,0,2,2,30,30,34
8,F,sit,12,1,11.6746046,30.83616211,29.87253204,2.569680176,2.740992187,1,1.064516129,0.03125,0.03125,0.0625,1,0.5,0.909090909,0.090909091,30,1,1,1,31,31,33
8,F,sit,13,1,8.1166387,42.87489106,42.87489106,3.572907588,3.572907588,0,1,0,0,0,1,1,1,0,30,0,0,0,30,30,30
8,F,sit,14,1,7.4409728,45.15538613,45.15538613,3.762948845,3.762948845,0,1,0,0,0,1,1,1,0,29,0,0,0,29,29,29
8,F,sit,15,1,7.1924429,43.37886367,41.82961854,3.614905306,3.892974945,1,1.074074074,0.035714286,0.035714286,0.071428571,1,0.5,0.896551724,0.103448276,26,1,1,1,26,27,29
8,F,sit,16,1,11.3164637,30.7516561,30.7516561,2.562638009,2.91610532,0,1.133333333,0,0.0625,0.0625,1,1,0.882352941,0.117647059,30,0,2,2,30,30,34
8,F,sit,17,1,9.2862314,28.42918603,28.42918603,2.369098836,2.799844079,0,1.173913043,0,0.08,0.08,1,1,0.851851852,0.148148148,23,0,2,2,23,23,27
8,F,sit,18,1,9.7776166,38.0460817,38.0460817,3.170506808,3.579604461,0,1.125,0,0.058823529,0.058823529,1,1,0.888888889,0.111111111,32,0,2,2,32,32,36
8,F,sit,19,1,7.588044,41.11731561,41.11731561,3.426442967,3.426442967,0,1,0,0,0,1,1,1,0,27,0,0,0,27,27,27
8,F,sit,20,1,5.1974317,50.79431828,50.79431828,4.232859857,4.232859857,0,1,0,0,0,1,1,1,0,23,0,0,0,23,23,23
8,F,sit,21,1,7.7114051,45.12796248,45.12796248,3.76066354,4.020019646,0,1.066666667,0,0.032258065,0.032258065,1,1,0.9375,0.0625,30,0,1,1,30,30,32
8,F,sit,22,1,7.9015457,44.04201573,44.04201573,3.670167977,3.92328301,0,1.066666667,0,0.032258065,0.032258065,1,1,0.9375,0.0625,30,0,1,1,30,30,32
8,F,sit,23,1,7.2137379,34.93334572,34.93334572,2.911112143,2.911112143,0,1,0,0,0,1,1,1,0,22,0,0,0,22,22,22
8,F,sit,24,1,7.0013183,35.99322145,34.35716593,2.999435121,2.999435121,1,1,0.045454545,0,0.045454545,1,0,0.954545455,0.045454545,21,1,0,0,21,22,22
8,F,sit,25,1,8.9027366,35.0454039,35.0454039,2.920450325,2.920450325,0,1,0,0,0,1,1,1,0,27,0,0,0,27,27,27
8,F,sit,26,1,14.2624164,28.60665322,28.60665322,2.383887768,2.383887768,0,1,0,0,0,1,1,1,0,35,0,0,0,35,35,35
8,F,sit,27,1,9.0990015,38.24595479,38.24595479,3.187162899,3.187162899,0,1,0,0,0,1,1,1,0,30,0,0,0,30,30,30
8,F,sit,28,1,10.6222937,37.28008387,37.28008387,3.106673656,3.294956907,0,1.058823529,0,0.028571429,0.028571429,1,1,0.944444444,0.055555556,34,0,1,1,34,34,36
8,F,sit,29,1,10.8240355,36.58524586,36.58524586,3.048770489,3.233544458,0,1.058823529,0,0.028571429,0.028571429,1,1,0.944444444,0.055555556,34,0,1,1,34,34,36
8,F,sit,30,1,8.2433419,48.03876932,46.62586434,4.003230777,4.003230777,1,1,0.029411765,0,0.029411765,1,0,0.970588235,0.029411765,33,1,0,0,34,34,34
8,F,stand,6,1,10.6239514,36.14474366,36.14474366,3.012061972,3.388569718,0,1.121212121,0,0.057142857,0.057142857,1,1,0.891891892,0.108108108,33,0,2,2,33,33,37
8,F,stand,7,1,6.4366957,35.42190133,35.42190133,2.951825111,3.262543544,0,1.1,0,0.047619048,0.047619048,1,1,0.909090909,0.090909091,20,0,1,1,20,20,22
8,F,stand,8,1,10.7667671,32.32167992,32.32167992,2.693473327,2.693473327,0,1,0,0,0,1,1,1,0,30,0,0,0,30,30,30
8,F,stand,9,1,9.2206852,33.83696474,32.62850171,2.819747062,2.819747062,1,1,0.035714286,0,0.035714286,1,0,0.964285714,0.035714286,27,1,0,0,28,27,27
8,F,stand,10,1,10.6380409,28.2006812,26.38128241,2.350056767,2.914070391,2,1.230769231,0.064516129,0.096774194,0.161290323,1,0.6,0.764705882,0.235294118,26,2,3,3,28,26,32
8,F,stand,11,1,7.1558749,43.60053863,42.04337653,3.633378219,3.912868851,1,1.074074074,0.035714286,0.035714286,0.071428571,1,0.5,0.896551724,0.103448276,26,1,1,1,27,27,29
8,F,stand,12,1,6.2657222,49.79473875,49.79473875,4.149561562,4.149561562,0,1,0,0,0,1,1,1,0,27,0,0,0,27,27,27
8,F,stand,13,1,3.1697489,75.71577673,75.71577673,6.309648061,6.309648061,0,1,0,0,0,1,1,1,0,21,0,0,0,21,21,21
8,F,stand,14,1,7.5409155,46.14824288,46.14824288,3.845686906,3.845686906,0,1,0,0,0,1,1,1,0,30,0,0,0,30,30,30
8,F,stand,15,1,8.8723274,32.46047931,31.16206014,2.705039943,2.705039943,1,1,0.04,0,0.04,1,0,0.96,0.04,24,1,0,0,25,25,25
8,F,stand,16,1,9.7357352,36.97717662,36.97717662,3.081431385,3.286860144,0,1.064516129,0,0.03125,0.03125,1,1,0.939393939,0.060606061,31,0,1,1,31,31,33
8,F,stand,17,1,9.1586855,40.61718245,40.61718245,3.384765205,3.603137153,0,1.0625,0,0.03030303,0.03030303,1,1,0.941176471,0.058823529,32,0,1,1,32,32,34
8,F,stand,18,1,9.2005928,41.73644116,41.73644116,3.478036763,3.478036763,0,1,0,0,0,1,1,1,0,33,0,0,0,33,33,33
8,F,stand,19,1,5.937983,52.54309418,50.59705365,4.378591182,4.378591182,1,1,0.037037037,0,0.037037037,1,0,0.962962963,0.037037037,26,1,0,0,26,27,27
8,F,stand,20,1,12.1874463,29.53859169,29.53859169,2.461549308,2.625652595,0,1.064516129,0,0.03125,0.03125,1,1,0.939393939,0.060606061,31,0,1,1,31,31,33
8,F,stand,21,1,8.4228734,45.59014267,42.82710372,3.799178556,3.799178556,2,1,0.060606061,0,0.060606061,1,0,0.939393939,0.060606061,31,2,0,0,32,33,33
8,F,stand,22,1,9.9009769,39.99605332,39.99605332,3.333004443,3.535004713,0,1.058823529,0,0.028571429,0.028571429,1,1,0.944444444,0.055555556,34,0,1,1,34,34,36
8,F,stand,23,1,7.091693,42.30301566,42.30301566,3.525251305,3.525251305,0,1,0,0,0,1,1,1,0,26,0,0,0,26,26,26
8,F,stand,24,1,12.4797223,32.69303516,31.7848953,2.724419597,2.724419597,1,1,0.027777778,0,0.027777778,1,0,0.972222222,0.027777778,35,1,0,0,36,35,35
8,F,stand,25,1,9.4371675,41.96174329,40.72757437,3.496811941,3.496811941,1,1,0.029411765,0,0.029411765,1,0,0.970588235,0.029411765,33,1,0,0,34,34,34
8,F,stand,26,1,8.763588,34.23255406,34.23255406,2.852712839,2.852712839,0,1,0,0,0,1,1,1,0,26,0,0,0,26,26,26
8,F,stand,27,1,8.3652215,41.60081117,41.60081117,3.466734264,3.466734264,0,1,0,0,0,1,1,1,0,30,0,0,0,30,30,30
8,F,stand,28,1,6.8489819,49.05838633,49.05838633,4.088198861,4.088198861,0,1,0,0,0,1,1,1,0,29,0,0,0,29,29,29
8,F,stand,29,1,4.7039291,53.57223603,53.57223603,4.464353002,4.464353002,0,1,0,0,0,1,1,1,0,22,0,0,0,22,22,22
8,F,stand,30,1,7.7150226,46.66220939,46.66220939,3.888517449,4.147751946,0,1.064516129,0,0.03125,0.03125,1,1,0.939393939,0.060606061,31,0,1,1,31,31,33
9,M,sit,6,1,4.3003608,66.97112484,66.97112484,5.58092707,6.046004326,0,1.08,0,0.038461538,0.038461538,1,1,0.925925926,0.074074074,25,0,1,1,25,25,27
9,M,sit,7,1,6.4603435,65.01202297,63.38672239,5.417668581,6.346411766,1,1.166666667,0.025,0.075,0.1,1,0.75,0.837209302,0.162790698,36,1,3,3,37,36,42
9,M,sit,8,1,3.9558336,81.90435513,81.90435513,6.825362927,6.825362927,0,1,0,0,0,1,1,1,0,28,0,0,0,28,28,28
9,M,sit,9,1,4.044846,71.20172189,71.20172189,5.933476825,6.922389629,0,1.16,0,0.074074074,0.074074074,1,1,0.862068966,0.137931034,25,0,2,2,25,25,29
9,M,sit,10,1,3.7785505,95.27462978,95.27462978,7.939552482,7.939552482,0,1,0,0,0,1,1,1,0,31,0,0,0,31,31,31
9,M,sit,11,1,4.813373,102.2152241,102.2152241,8.517935344,8.517935344,0,1,0,0,0,1,1,1,0,42,0,0,0,42,42,42
9,M,sit,12,1,4.6590276,87.57192166,87.57192166,7.297660138,7.297660138,0,1,0,0,0,1,1,1,0,35,0,0,0,35,35,35
9,M,sit,13,1,4.0856731,58.74185088,56.29427376,4.89515424,6.363700512,1,1.285714286,0.041666667,0.125,0.166666667,1,0.75,0.740740741,0.259259259,20,1,3,3,20,21,27
9,M,sit,14,1,2.7114928,79.66091594,79.66091594,6.638409661,6.638409661,0,1,0,0,0,1,1,1,0,19,0,0,0,19,19,19
9,M,sit,15,1,3.523638,78.328137,78.328137,6.52734475,7.094939946,0,1.083333333,0,0.04,0.04,1,1,0.923076923,0.076923077,24,0,1,1,24,24,26
9,M,sit,16,1,4.9176353,70.76571945,70.76571945,5.897143288,7.117241899,0,1.2,0,0.090909091,0.090909091,1,1,0.833333333,0.166666667,30,0,3,3,30,30,36
9,M,sit,17,1,3.3783692,92.3522509,92.3522509,7.696020909,7.696020909,0,1,0,0,0,1,1,1,0,27,0,0,0,27,27,27
9,M,sit,18,1,5.2972567,67.9597045,65.90031952,5.663308708,6.040862622,1,1.064516129,0.03030303,0.03030303,0.060606061,1,0.5,0.911764706,0.088235294,31,1,1,1,32,31,33
9,M,sit,19,1,3.8533681,87.1964451,87.1964451,7.266370425,7.266370425,0,1,0,0,0,1,1,1,0,29,0,0,0,29,29,29
9,M,sit,20,1,5.6948887,56.89312242,56.89312242,4.741093535,5.443477763,0,1.142857143,0,0.066666667,0.066666667,1,1,0.875,0.125,28,0,2,2,28,28,32
9,M,sit,21,1,2.2091366,103.2077419,103.2077419,8.600645157,8.600645157,0,1,0,0,0,1,1,1,0,20,0,0,0,20,20,20
9,M,sit,22,1,5.3681164,71.53347122,71.53347122,5.961122602,6.333692764,0,1.060606061,0,0.029411765,0.029411765,1,1,0.942857143,0.057142857,33,0,1,1,33,33,35
9,M,sit,23,1,4.4438488,78.31049517,75.70014533,6.525874598,6.525874598,1,1,0.033333333,0,0.033333333,1,0,0.966666667,0.033333333,29,1,0,0,29,30,30
9,M,sit,24,1,5.9341426,74.82125556,74.82125556,6.23510463,6.572137313,0,1.052631579,0,0.025641026,0.025641026,1,1,0.95,0.05,38,0,1,1,38,38,40
9,M,sit,25,1,3.444592,97.54420843,97.54420843,8.128684036,8.128684036,0,1,0,0,0,1,1,1,0,29,0,0,0,29,29,29
9,M,sit,26,1,3.3454757,86.08641217,86.08641217,7.17386768,7.17386768,0,1,0,0,0,1,1,1,0,25,0,0,0,25,25,25
9,M,sit,27,1,2.8369073,105.7489612,105.7489612,8.812413433,8.812413433,0,1,0,0,0,1,1,1,0,26,0,0,0,26,26,26
9,M,sit,28,1,2.4546151,87.99750315,78.73460808,7.333125263,7.333125263,2,1,0.105263158,0,0.105263158,1,0,0.894736842,0.105263158,17,2,0,0,17,19,19
9,M,sit,29,1,4.8945972,80.90553396,80.90553396,6.74212783,7.559355446,0,1.117647059,0,0.055555556,0.055555556,1,1,0.894736842,0.105263158,34,0,2,2,34,34,38
9,M,sit,30,1,2.8789562,91.69990151,91.69990151,7.641658459,7.641658459,0,1,0,0,0,1,1,1,0,23,0,0,0,23,23,23
9,M,stand,6,1,5.9746002,56.23807263,56.23807263,4.686506053,6.025507782,0,1.275862069,0,0.121212121,0.121212121,1,1,0.783783784,0.216216216,29,0,4,4,29,29,37
9,M,stand,7,1,3.4370299,87.28466401,87.28466401,7.273722,7.273722,0,1,0,0,0,1,1,1,0,26,0,0,0,26,26,26
9,M,stand,8,1,3.4540932,83.37933672,83.37933672,6.94827806,6.94827806,0,1,0,0,0,1,1,1,0,25,0,0,0,25,25,25
9,M,stand,9,1,3.0927778,81.4801503,81.4801503,6.790012525,7.436680385,0,1.090909091,0,0.043478261,0.043478261,1,1,0.916666667,0.083333333,22,0,1,1,22,22,24
9,M,stand,10,1,5.2686531,68.3286588,68.3286588,5.6940549,5.6940549,0,1,0,0,0,1,1,1,0,31,0,0,0,31,31,31
9,M,stand,11,1,4.1283907,90.1077507,90.1077507,7.508979225,7.508979225,0,1,0,0,0,1,1,1,0,32,0,0,0,32,32,32
9,M,stand,12,1,3.5853012,83.67497827,83.67497827,6.972914856,6.972914856,0,1,0,0,0,1,1,1,0,26,0,0,0,26,26,26
9,M,stand,13,1,3.924817,88.66655439,88.66655439,7.388879532,7.388879532,0,1,0,0,0,1,1,1,0,30,0,0,0,30,30,30
9,M,stand,14,1,9.0666813,51.61756375,51.61756375,4.301463646,5.404403042,0,1.25,0,0.111111111,0.111111111,1,1,0.8,0.2,40,0,5,5,40,40,50
9,M,stand,15,1,4.483914,80.28699926,80.28699926,6.690583272,6.690583272,0,1,0,0,0,1,1,1,0,31,0,0,0,31,31,31
9,M,stand,16,1,5.5929963,70.80283604,70.80283604,5.900236337,5.900236337,0,1,0,0,0,1,1,1,0,34,0,0,0,34,34,34
9,M,stand,17,1,4.4132212,78.85396726,78.85396726,6.571163938,6.571163938,0,1,0,0,0,1,1,1,0,30,0,0,0,30,30,30
9,M,stand,18,1,5.3652443,73.80838185,73.80838185,6.150698487,6.523468093,0,1.058823529,0,0.028571429,0.028571429,1,1,0.944444444,0.055555556,34,0,1,1,34,34,36
9,M,stand,19,1,4.159183,77.89991448,77.89991448,6.49165954,6.49165954,0,1,0,0,0,1,1,1,0,28,0,0,0,28,28,28
9,M,stand,20,1,4.7479766,63.18481014,63.18481014,5.265400845,5.265400845,0,1,0,0,0,1,1,1,0,26,0,0,0,26,26,26
9,M,stand,21,1,3.8845858,86.49570824,86.49570824,7.207975687,7.207975687,0,1,0,0,0,1,1,1,0,29,0,0,0,29,29,29
9,M,stand,22,1,3.6105057,89.73812173,89.73812173,7.478176811,7.478176811,0,1,0,0,0,1,1,1,0,28,0,0,0,28,28,28
9,M,stand,23,1,6.3016433,59.03222101,59.03222101,4.919351751,5.554106815,0,1.125,0,0.058823529,0.058823529,1,1,0.888888889,0.111111111,32,0,2,2,32,32,36
9,M,stand,24,1,5.066598,73.42204769,73.42204769,6.118503974,6.513246166,0,1.0625,0,0.03030303,0.03030303,1,1,0.941176471,0.058823529,32,0,1,1,32,32,34
9,M,stand,25,1,4.4684414,75.19400389,75.19400389,6.266166991,6.266166991,0,1,0,0,0,1,1,1,0,29,0,0,0,29,29,29
9,M,stand,26,1,4.851041,56.8950046,56.8950046,4.741250383,5.978098309,0,1.25,0,0.111111111,0.111111111,1,1,0.8,0.2,24,0,3,3,24,24,30
9,M,stand,27,1,3.9525665,60.72004102,60.72004102,5.060003418,5.56600376,0,1.095238095,0,0.045454545,0.045454545,1,1,0.913043478,0.086956522,21,0,1,1,21,21,23
9,M,stand,28,1,4.5304744,66.21823092,66.21823092,5.51818591,5.51818591,0,1,0,0,0,1,1,1,0,26,0,0,0,26,26,26
9,M,stand,29,1,5.1860088,74.04538149,74.04538149,6.170448457,6.941754515,0,1.121212121,0,0.057142857,0.057142857,1,1,0.891891892,0.108108108,33,0,2,2,33,33,37
9,M,stand,30,1,4.9074752,70.91222794,66.18474608,5.909352328,5.909352328,2,1,0.066666667,0,0.066666667,1,0,0.933333333,0.066666667,28,2,0,0,30,30,30
10,M,sit,6,1,2.3651629,147.1357427,147.1357427,12.2613119,12.2613119,0,1,0,0,0,1,1,1,0,30,0,0,0,30,30,30
10,M,sit,7,1,3.8627044,96.30558321,96.30558321,8.025465267,10.09655308,0,1.25,0,0.111111111,0.111111111,1,1,0.8,0.2,32,0,4,4,32,32,40
10,M,sit,8,1,2.9986549,132.0592109,132.0592109,11.00493425,11.00493425,0,1,0,0,0,1,1,1,0,34,0,0,0,34,34,34
10,M,sit,9,1,2.6199468,114.5061419,114.5061419,9.54217849,9.54217849,0,1,0,0,0,1,1,1,0,26,0,0,0,26,26,26
10,M,sit,10,1,1.6570821,130.3496067,130.3496067,10.86246722,10.86246722,0,1,0,0,0,1,1,1,0,19,0,0,0,19,19,19
10,M,sit,11,1,2.5425128,155.7514283,155.7514283,12.97928569,12.97928569,0,1,0,0,0,1,1,1,0,34,0,0,0,34,34,34
10,M,sit,12,1,2.0871721,149.4845586,149.4845586,12.45704655,12.45704655,0,1,0,0,0,1,1,1,0,27,0,0,0,27,27,27
10,M,sit,13,1,1.5346671,132.9278513,132.9278513,11.07732094,11.07732094,0,1,0,0,0,1,1,1,0,18,0,0,0,18,18,18
10,M,sit,14,1,2.3624203,111.7498017,111.7498017,9.312483473,10.15907288,0,1.086956522,0,0.041666667,0.041666667,1,1,0.92,0.08,23,0,1,1,23,23,25
10,M,sit,15,1,2.2900306,99.56198839,99.56198839,8.296832365,9.170183141,0,1.1,0,0.047619048,0.047619048,1,1,0.909090909,0.090909091,20,0,1,1,20,20,22
10,M,sit,16,1,2.9623249,109.3735532,101.5611565,9.114462765,9.114462765,2,1,0.071428571,0,0.071428571,1,0,0.928571429,0.071428571,26,2,0,0,28,28,28
10,M,sit,17,1,3.3063429,105.2522411,105.2522411,8.77102009,8.77102009,0,1,0,0,0,1,1,1,0,30,0,0,0,30,30,30
10,M,sit,18,1,2.4469195,122.6031343,122.6031343,10.21692786,11.03428208,0,1.076923077,0,0.037037037,0.037037037,1,1,0.928571429,0.071428571,26,0,1,1,26,26,28
10,M,sit,19,1,2.9765557,108.8506424,108.8506424,9.070886864,9.070886864,0,1,0,0,0,1,1,1,0,28,0,0,0,28,28,28
10,M,sit,20,1,2.7129939,145.9642058,145.9642058,12.16368382,12.16368382,0,1,0,0,0,1,1,1,0,34,0,0,0,34,34,34
10,M,sit,21,1,2.2869285,152.1691649,152.1691649,12.68076374,12.68076374,0,1,0,0,0,1,1,1,0,30,0,0,0,30,30,30
10,M,sit,22,1,1.3126397,155.4120297,155.4120297,12.95100247,12.95100247,0,1,0,0,0,1,1,1,0,18,0,0,0,18,18,18
10,M,sit,23,1,4.3153345,83.42342871,83.42342871,6.951952392,9.269269856,0,1.322580645,0,0.138888889,0.138888889,1,1,0.756097561,0.243902439,31,0,5,5,31,31,41
10,M,sit,24,1,3.2279033,144.9857559,123.2378925,12.08214633,12.08214633,6,1,0.15,0,0.15,1,0,0.85,0.15,34,6,0,0,36,40,40
10,M,sit,25,1,8.9939079,56.03793208,55.03725472,4.669827673,7.560673375,1,1.604651163,0.017857143,0.232142857,0.25,1,0.928571429,0.608695652,0.391304348,42,1,13,13,42,43,69
10,M,sit,26,1,2.4328693,98.64894921,98.64894921,8.220745767,9.042820344,0,1.095238095,0,0.045454545,0.045454545,1,1,0.913043478,0.086956522,21,0,1,1,21,21,23
10,M,sit,27,1,2.6340253,109.3383575,109.3383575,9.111529794,11.38941224,0,1.24,0,0.107142857,0.107142857,1,1,0.806451613,0.193548387,25,0,3,3,25,25,31
10,M,sit,28,1,3.4110723,98.50274941,98.50274941,8.208562451,10.55386601,0,1.275862069,0,0.121212121,0.121212121,1,1,0.783783784,0.216216216,29,0,4,4,29,29,37
10,M,sit,29,1,2.0921644,131.9207993,120.9273994,10.99339995,10.99339995,2,1,0.083333333,0,0.083333333,1,0,0.916666667,0.083333333,22,2,0,0,24,24,24
10,M,sit,30,1,2.7905606,146.2071815,146.2071815,12.18393179,12.18393179,0,1,0,0,0,1,1,1,0,35,0,0,0,35,35,35
10,M,stand,6,1,3.399472,112.9587183,112.9587183,9.413226525,10.00155318,0,1.060606061,0,0.029411765,0.029411765,1,1,0.942857143,0.057142857,33,0,1,1,33,33,35
10,M,stand,7,1,2.5708092,144.7015204,144.7015204,12.05846004,12.05846004,0,1,0,0,0,1,1,1,0,32,0,0,0,32,32,32
10,M,stand,8,1,3.1152766,127.1155184,123.3768267,10.59295987,10.59295987,1,1,0.029411765,0,0.029411765,1,0,0.970588235,0.029411765,33,1,0,0,34,34,34
10,M,stand,9,1,4.218093,82.50173716,82.50173716,6.875144763,8.297588507,0,1.2,0,0.090909091,0.090909091,1,1,0.833333333,0.166666667,30,0,3,3,30,30,36
10,M,stand,10,1,2.4026928,139.843096,139.843096,11.65359134,11.65359134,0,1,0,0,0,1,1,1,0,29,0,0,0,29,29,29
10,M,stand,11,1,2.0210292,154.3767898,154.3767898,12.86473248,12.86473248,0,1,0,0,0,1,1,1,0,27,0,0,0,27,27,27
10,M,stand,12,1,3.6018847,103.2792638,103.2792638,8.606605314,9.717135032,0,1.125,0,0.058823529,0.058823529,1,1,0.888888889,0.111111111,32,0,2,2,32,32,36
10,M,stand,13,1,3.0092762,127.6054355,127.6054355,10.63378629,11.29839793,0,1.060606061,0,0.029411765,0.029411765,1,1,0.942857143,0.057142857,33,0,1,1,33,33,35
10,M,stand,14,1,3.7652113,82.8638754,80.27437929,6.90532295,9.030037703,1,1.296296296,0.03125,0.125,0.15625,1,0.8,0.75,0.25,27,1,4,4,28,27,35
10,M,stand,15,1,2.0013932,161.8872294,156.3049111,13.49060245,13.49060245,1,1,0.034482759,0,0.034482759,1,0,0.965517241,0.034482759,28,1,0,0,29,28,28
10,M,stand,16,1,1.971152,133.9318328,133.9318328,11.16098606,11.16098606,0,1,0,0,0,1,1,1,0,23,0,0,0,23,23,23
10,M,stand,17,1,2.143199,145.5767757,140.3776051,12.13139797,12.13139797,1,1,0.035714286,0,0.035714286,1,0,0.964285714,0.035714286,27,1,0,0,28,27,27
10,M,stand,18,1,1.6038857,134.6729384,134.6729384,11.22274486,11.22274486,0,1,0,0,0,1,1,1,0,19,0,0,0,19,19,19
10,M,stand,19,1,2.675567,125.5808582,121.2504838,10.46507152,10.46507152,1,1,0.034482759,0,0.034482759,1,0,0.965517241,0.034482759,28,1,0,0,28,29,29
10,M,stand,20,1,5.8637901,71.62602904,71.62602904,5.968835754,8.697446384,0,1.444444444,0,0.181818182,0.181818182,1,1,0.692307692,0.307692308,36,0,8,8,36,36,52
10,M,stand,21,1,2.8975983,132.5235454,132.5235454,11.04362879,11.04362879,0,1,0,0,0,1,1,1,0,33,0,0,0,33,33,33
10,M,stand,22,1,2.3939426,130.3289394,125.6743344,10.86074495,10.86074495,1,1,0.035714286,0,0.035714286,1,0,0.964285714,0.035714286,27,1,0,0,28,27,27
10,M,stand,23,1,2.679417,111.964655,111.964655,9.330387916,10.82324998,0,1.153846154,0,0.071428571,0.071428571,1,1,0.866666667,0.133333333,26,0,2,2,26,26,30
10,M,stand,24,1,1.5057412,167.3594373,167.3594373,13.94661978,13.94661978,0,1,0,0,0,1,1,1,0,22,0,0,0,22,22,22
10,M,stand,25,1,2.1418066,156.8769094,156.8769094,13.07307579,13.07307579,0,1,0,0,0,1,1,1,0,29,0,0,0,29,29,29
10,M,stand,26,1,2.8424478,75.99084141,75.99084141,6.332570118,9.147045726,0,1.421052632,0,0.173913043,0.173913043,1,1,0.703703704,0.296296296,19,0,4,4,19,19,27
10,M,stand,27,1,4.621226,80.4981189,80.4981189,6.708176575,8.439318917,0,1.25,0,0.111111111,0.111111111,1,1,0.8,0.2,32,0,4,4,32,32,40
10,M,stand,28,1,2.9719011,100.9454857,100.9454857,8.412123809,9.085093713,0,1.076923077,0,0.037037037,0.037037037,1,1,0.928571429,0.071428571,26,0,1,1,26,26,28
10,M,stand,29,1,2.2685024,132.2458376,117.5518557,11.02048647,11.02048647,3,1,0.111111111,0,0.111111111,1,0,0.888888889,0.111111111,24,3,0,0,27,26,26
10,M,stand,30,1,3.288615,142.3091484,138.9208353,11.8590957,12.46725445,1,1.05,0.023809524,0.023809524,0.047619048,1,0.5,0.930232558,0.069767442,40,1,1,1,41,40,42